TARGET_CLASS,configuration_id,criterion,ctg_min_time_per_job,ctg_schedule,search_budget,p_object_pool,ctg_time_per_class,Size,Length,Total_Time,Random_Seed,LineCoverage,LineCoverageBitString,BranchCoverage,BranchCoverageBitString,ExceptionCoverage,ExceptionCoverageBitString,Explicit_MethodExceptions,Explicit_TypeExceptions,Implicit_MethodExceptions,Implicit_TypeExceptions,WeakMutationScore,WeakMutationCoverageBitString,OutputCoverage,OutputCoverageBitString,MethodCoverage,MethodCoverageBitString,MethodNoExceptionCoverage,MethodNoExceptionCoverageBitString,CBranchCoverage,CBranchCoverageBitString
org.apache.commons.cli.help.TextHelpAppendable,default,LINE;BRANCH;EXCEPTION;WEAKMUTATION;OUTPUT;METHOD;METHODNOEXCEPTION;CBRANCH,1,BUDGET,108,0.3,2,111,2023,162382,1773965884260,0.9935897435897436,111111111111111111111111111011111111111111111111111111111111111111111111111111111111111111111111111111111111111111111111111111111111111111111111111111111111,0.9583333333333334,111111111111111111111111111111011111111111011111011111111111111111111111111111111110111111111111,1.0,1111111111111111111111111111111111111111111111111,7,1,41,9,0.9779005524861878,1111111111111111111111111111111111111111111111111111111111111111111111111111110111111111111111111111111111111111111111111111111111111111111111111111111111111111111111111111111111111111111111111111111111111111111111111111111111111111101111111111111110111111101110111111111111111111111111111111111111111111111111111111111111111111111111111111111111011111111111111111111111111111111111111111111111111111111111111111111111011111111111111111111111111111111111111111111111111111111110111111111111111111111111111111011111111111111111111111111111111111110111111111111111111111111111111111111111111110111111111111111110111111111111111111111111111111111111111111111111111111111111111101111111111110111111111111111111111111111101111101,0.7580645161290323,10111111111111011111111110111101101101111110111111100100100100,1.0,1111111111111111111111,1.0,1111111111111111111111,0.9583333333333334,111111111111111111111111111111011111111111101111101111111111111111111111111111111110111111111111
